sequence,length,strand,frame,molecular_weight,gravy,AA_count,AA_percent,Secondary_structure
SFSF...FSF,4,1,0,486.52,1.0,"{'A': 0, 'C': 0, 'D': 0, 'E': 0, 'F': 2, 'G': 0, 'H': 0, 'I': 0, 'K': 0, 'L': 0, 'M': 0, 'N': 0, 'P': 0, 'Q': 0, 'R': 0, 'S': 2, 'T': 0, 'V': 0, 'W': 0, 'Y': 0}","{'A': 0.0, 'C': 0.0, 'D': 0.0, 'E': 0.0, 'F': 0.5, 'G': 0.0, 'H': 0.0, 'I': 0.0, 'K': 0.0, 'L': 0.0, 'M': 0.0, 'N': 0.0, 'P': 0.0, 'Q': 0.0, 'R': 0.0, 'S': 0.5, 'T': 0.0, 'V': 0.0, 'W': 0.0, 'Y': 0.0}","(0.5, 0.5, 0.0)"
LQWAICLCVD...CVD,10,1,0,1163.41,1.52,"{'A': 1, 'C': 2, 'D': 1, 'E': 0, 'F': 0, 'G': 0, 'H': 0, 'I': 1, 'K': 0, 'L': 2, 'M': 0, 'N': 0, 'P': 0, 'Q': 1, 'R': 0, 'S': 0, 'T': 0, 'V': 1, 'W': 1, 'Y': 0}","{'A': 0.1, 'C': 0.2, 'D': 0.1, 'E': 0.0, 'F': 0.0, 'G': 0.0, 'H': 0.0, 'I': 0.1, 'K': 0.0, 'L': 0.2, 'M': 0.0, 'N': 0.0, 'P': 0.0, 'Q': 0.1, 'R': 0.0, 'S': 0.0, 'T': 0.0, 'V': 0.1, 'W': 0.1, 'Y': 0.0}","(0.5, 0.0, 0.30000000000000004)"
KKSL...KSL,4,1,0,474.59,-1.2,"{'A': 0, 'C': 0, 'D': 0, 'E': 0, 'F': 0, 'G': 0, 'H': 0, 'I': 0, 'K': 2, 'L': 1, 'M': 0, 'N': 0, 'P': 0, 'Q': 0, 'R': 0, 'S': 1, 'T': 0, 'V': 0, 'W': 0, 'Y': 0}","{'A': 0.0, 'C': 0.0, 'D': 0.0, 'E': 0.0, 'F': 0.0, 'G': 0.0, 'H': 0.0, 'I': 0.0, 'K': 0.5, 'L': 0.25, 'M': 0.0, 'N': 0.0, 'P': 0.0, 'Q': 0.0, 'R': 0.0, 'S': 0.25, 'T': 0.0, 'V': 0.0, 'W': 0.0, 'Y': 0.0}","(0.25, 0.25, 0.25)"
QQLLNWLPAVSKLKFY...KFY,16,1,0,1948.31,0.07,"{'A': 1, 'C': 0, 'D': 0, 'E': 0, 'F': 1, 'G': 0, 'H': 0, 'I': 0, 'K': 2, 'L': 4, 'M': 0, 'N': 1, 'P': 1, 'Q': 2, 'R': 0, 'S': 1, 'T': 0, 'V': 1, 'W': 1, 'Y': 1}","{'A': 0.0625, 'C': 0.0, 'D': 0.0, 'E': 0.0, 'F': 0.0625, 'G': 0.0, 'H': 0.0, 'I': 0.0, 'K': 0.125, 'L': 0.25, 'M': 0.0, 'N': 0.0625, 'P': 0.0625, 'Q': 0.125, 'R': 0.0, 'S': 0.0625, 'T': 0.0, 'V': 0.0625, 'W': 0.0625, 'Y': 0.0625}","(0.5, 0.1875, 0.3125)"
LRSLNTLTNIGIAHRQIKITEYTTSMKRIS...GAG,46,1,0,4964.65,-0.08,"{'A': 2, 'C': 0, 'D': 0, 'E': 1, 'F': 0, 'G': 4, 'H': 1, 'I': 8, 'K': 2, 'L': 3, 'M': 1, 'N': 3, 'P': 0, 'Q': 1, 'R': 3, 'S': 3, 'T': 13, 'V': 0, 'W': 0, 'Y': 1}","{'A': 0.043478260869565216, 'C': 0.0, 'D': 0.0, 'E': 0.021739130434782608, 'F': 0.0, 'G': 0.08695652173913043, 'H': 0.021739130434782608, 'I': 0.17391304347826086, 'K': 0.043478260869565216, 'L': 0.06521739130434782, 'M': 0.021739130434782608, 'N': 0.06521739130434782, 'P': 0.0, 'Q': 0.021739130434782608, 'R': 0.06521739130434782, 'S': 0.06521739130434782, 'T': 0.2826086956521739, 'V': 0.0, 'W': 0.0, 'Y': 0.021739130434782608}","(0.2608695652173913, 0.2173913043478261, 0.15217391304347827)"
RVQETQKKART...ART,11,1,0,1344.52,-2.06,"{'A': 1, 'C': 0, 'D': 0, 'E': 1, 'F': 0, 'G': 0, 'H': 0, 'I': 0, 'K': 2, 'L': 0, 'M': 0, 'N': 0, 'P': 0, 'Q': 2, 'R': 2, 'S': 0, 'T': 2, 'V': 1, 'W': 0, 'Y': 0}","{'A': 0.09090909090909091, 'C': 0.0, 'D': 0.0, 'E': 0.09090909090909091, 'F': 0.0, 'G': 0.0, 'H': 0.0, 'I': 0.0, 'K': 0.18181818181818182, 'L': 0.0, 'M': 0.0, 'N': 0.0, 'P': 0.0, 'Q': 0.18181818181818182, 'R': 0.18181818181818182, 'S': 0.0, 'T': 0.18181818181818182, 'V': 0.09090909090909091, 'W': 0.0, 'Y': 0.0}","(0.09090909090909091, 0.0, 0.18181818181818182)"
QCGLFFSTKGNEVTTMRVLKFGGTSVANAE...RAD,236,1,0,25023.58,0.24,"{'A': 33, 'C': 4, 'D': 10, 'E': 14, 'F': 9, 'G': 19, 'H': 6, 'I': 16, 'K': 9, 'L': 25, 'M': 6, 'N': 9, 'P': 7, 'Q': 9, 'R': 12, 'S': 14, 'T': 13, 'V': 19, 'W': 0, 'Y': 2}","{'A': 0.13983050847457626, 'C': 0.01694915254237288, 'D': 0.0423728813559322, 'E': 0.059322033898305086, 'F': 0.038135593220338986, 'G': 0.08050847457627118, 'H': 0.025423728813559324, 'I': 0.06779661016949153, 'K': 0.038135593220338986, 'L': 0.1059322033898305, 'M': 0.025423728813559324, 'N': 0.038135593220338986, 'P': 0.029661016949152543, 'Q': 0.038135593220338986, 'R': 0.05084745762711865, 'S': 0.059322033898305086, 'T': 0.05508474576271186, 'V': 0.08050847457627118, 'W': 0.0, 'Y': 0.00847457627118644}","(0.3008474576271186, 0.2076271186440678, 0.3305084745762712)"
AFHSDCNGQYVSVWIKKRVSDSSF...SSF,24,1,1,2761.03,-0.38,"{'A': 1, 'C': 1, 'D': 2, 'E': 0, 'F': 2, 'G': 1, 'H': 1, 'I': 1, 'K': 2, 'L': 0, 'M': 0, 'N': 1, 'P': 0, 'Q': 1, 'R': 1, 'S': 5, 'T': 0, 'V': 3, 'W': 1, 'Y': 1}","{'A': 0.041666666666666664, 'C': 0.041666666666666664, 'D': 0.08333333333333333, 'E': 0.0, 'F': 0.08333333333333333, 'G': 0.041666666666666664, 'H': 0.041666666666666664, 'I': 0.041666666666666664, 'K': 0.08333333333333333, 'L': 0.0, 'M': 0.0, 'N': 0.041666666666666664, 'P': 0.0, 'Q': 0.041666666666666664, 'R': 0.041666666666666664, 'S': 0.20833333333333334, 'T': 0.0, 'V': 0.125, 'W': 0.041666666666666664, 'Y': 0.041666666666666664}","(0.3333333333333333, 0.2916666666666667, 0.041666666666666664)"
TGYLP...YLP,5,1,1,549.62,-0.04,"{'A': 0, 'C': 0, 'D': 0, 'E': 0, 'F': 0, 'G': 1, 'H': 0, 'I': 0, 'K': 0, 'L': 1, 'M': 0, 'N': 0, 'P': 1, 'Q': 0, 'R': 0, 'S': 0, 'T': 1, 'V': 0, 'W': 0, 'Y': 1}","{'A': 0.0, 'C': 0.0, 'D': 0.0, 'E': 0.0, 'F': 0.0, 'G': 0.2, 'H': 0.0, 'I': 0.0, 'K': 0.0, 'L': 0.2, 'M': 0.0, 'N': 0.0, 'P': 0.2, 'Q': 0.0, 'R': 0.0, 'S': 0.0, 'T': 0.2, 'V': 0.0, 'W': 0.0, 'Y': 0.2}","(0.4, 0.4, 0.2)"
VN...VN,2,1,1,231.25,0.35,"{'A': 0, 'C': 0, 'D': 0, 'E': 0, 'F': 0, 'G': 0, 'H': 0, 'I': 0, 'K': 0, 'L': 0, 'M': 0, 'N': 1, 'P': 0, 'Q': 0, 'R': 0, 'S': 0, 'T': 0, 'V': 1, 'W': 0, 'Y': 0}","{'A': 0.0, 'C': 0.0, 'D': 0.0, 'E': 0.0, 'F': 0.0, 'G': 0.0, 'H': 0.0, 'I': 0.0, 'K': 0.0, 'L': 0.0, 'M': 0.0, 'N': 0.5, 'P': 0.0, 'Q': 0.0, 'R': 0.0, 'S': 0.0, 'T': 0.0, 'V': 0.5, 'W': 0.0, 'Y': 0.0}","(0.5, 0.5, 0.0)"
NFIDLGH...LGH,7,1,1,814.88,0.07,"{'A': 0, 'C': 0, 'D': 1, 'E': 0, 'F': 1, 'G': 1, 'H': 1, 'I': 1, 'K': 0, 'L': 1, 'M': 0, 'N': 1, 'P': 0, 'Q': 0, 'R': 0, 'S': 0, 'T': 0, 'V': 0, 'W': 0, 'Y': 0}","{'A': 0.0, 'C': 0.0, 'D': 0.14285714285714285, 'E': 0.0, 'F': 0.14285714285714285, 'G': 0.14285714285714285, 'H': 0.14285714285714285, 'I': 0.14285714285714285, 'K': 0.0, 'L': 0.14285714285714285, 'M': 0.0, 'N': 0.14285714285714285, 'P': 0.0, 'Q': 0.0, 'R': 0.0, 'S': 0.0, 'T': 0.0, 'V': 0.0, 'W': 0.0, 'Y': 0.0}","(0.42857142857142855, 0.2857142857142857, 0.14285714285714285)"
IL...IL,2,1,1,244.33,4.15,"{'A': 0, 'C': 0, 'D': 0, 'E': 0, 'F': 0, 'G': 0, 'H': 0, 'I': 1, 'K': 0, 'L': 1, 'M': 0, 'N': 0, 'P': 0, 'Q': 0, 'R': 0, 'S': 0, 'T': 0, 'V': 0, 'W': 0, 'Y': 0}","{'A': 0.0, 'C': 0.0, 'D': 0.0, 'E': 0.0, 'F': 0.0, 'G': 0.0, 'H': 0.0, 'I': 0.5, 'K': 0.0, 'L': 0.5, 'M': 0.0, 'N': 0.0, 'P': 0.0, 'Q': 0.0, 'R': 0.0, 'S': 0.0, 'T': 0.0, 'V': 0.0, 'W': 0.0, 'Y': 0.0}","(1.0, 0.0, 0.5)"
PI...PI,2,1,1,228.29,1.45,"{'A': 0, 'C': 0, 'D': 0, 'E': 0, 'F': 0, 'G': 0, 'H': 0, 'I': 1, 'K': 0, 'L': 0, 'M': 0, 'N': 0, 'P': 1, 'Q': 0, 'R': 0, 'S': 0, 'T': 0, 'V': 0, 'W': 0, 'Y': 0}","{'A': 0.0, 'C': 0.0, 'D': 0.0, 'E': 0.0, 'F': 0.0, 'G': 0.0, 'H': 0.0, 'I': 0.5, 'K': 0.0, 'L': 0.0, 'M': 0.0, 'N': 0.0, 'P': 0.5, 'Q': 0.0, 'R': 0.0, 'S': 0.0, 'T': 0.0, 'V': 0.0, 'W': 0.0, 'Y': 0.0}","(0.5, 0.5, 0.0)"
A...A,1,1,1,89.09,1.8,"{'A': 1, 'C': 0, 'D': 0, 'E': 0, 'F': 0, 'G': 0, 'H': 0, 'I': 0, 'K': 0, 'L': 0, 'M': 0, 'N': 0, 'P': 0, 'Q': 0, 'R': 0, 'S': 0, 'T': 0, 'V': 0, 'W': 0, 'Y': 0}","{'A': 1.0, 'C': 0.0, 'D': 0.0, 'E': 0.0, 'F': 0.0, 'G': 0.0, 'H': 0.0, 'I': 0.0, 'K': 0.0, 'L': 0.0, 'M': 0.0, 'N': 0.0, 'P': 0.0, 'Q': 0.0, 'R': 0.0, 'S': 0.0, 'T': 0.0, 'V': 0.0, 'W': 0.0, 'Y': 0.0}","(0.0, 0.0, 1.0)"
RTDR...TDR,4,1,1,546.58,-3.3,"{'A': 0, 'C': 0, 'D': 1, 'E': 0, 'F': 0, 'G': 0, 'H': 0, 'I': 0, 'K': 0, 'L': 0, 'M': 0, 'N': 0, 'P': 0, 'Q': 0, 'R': 2, 'S': 0, 'T': 1, 'V': 0, 'W': 0, 'Y': 0}","{'A': 0.0, 'C': 0.0, 'D': 0.25, 'E': 0.0, 'F': 0.0, 'G': 0.0, 'H': 0.0, 'I': 0.0, 'K': 0.0, 'L': 0.0, 'M': 0.0, 'N': 0.0, 'P': 0.0, 'Q': 0.0, 'R': 0.5, 'S': 0.0, 'T': 0.25, 'V': 0.0, 'W': 0.0, 'Y': 0.0}","(0.0, 0.0, 0.0)"
KLQSTQHP...QHP,8,1,1,938.04,-1.68,"{'A': 0, 'C': 0, 'D': 0, 'E': 0, 'F': 0, 'G': 0, 'H': 1, 'I': 0, 'K': 1, 'L': 1, 'M': 0, 'N': 0, 'P': 1, 'Q': 2, 'R': 0, 'S': 1, 'T': 1, 'V': 0, 'W': 0, 'Y': 0}","{'A': 0.0, 'C': 0.0, 'D': 0.0, 'E': 0.0, 'F': 0.0, 'G': 0.0, 'H': 0.125, 'I': 0.0, 'K': 0.125, 'L': 0.125, 'M': 0.0, 'N': 0.0, 'P': 0.125, 'Q': 0.25, 'R': 0.0, 'S': 0.125, 'T': 0.125, 'V': 0.0, 'W': 0.0, 'Y': 0.0}","(0.125, 0.25, 0.125)"
NALAPPLPPPSPLPQVTVRADAYRKHRKKP...VTR,45,1,1,4993.77,-0.73,"{'A': 6, 'C': 0, 'D': 2, 'E': 0, 'F': 3, 'G': 1, 'H': 1, 'I': 0, 'K': 4, 'L': 3, 'M': 0, 'N': 1, 'P': 10, 'Q': 1, 'R': 5, 'S': 2, 'T': 2, 'V': 3, 'W': 0, 'Y': 1}","{'A': 0.13333333333333333, 'C': 0.0, 'D': 0.044444444444444446, 'E': 0.0, 'F': 0.06666666666666667, 'G': 0.022222222222222223, 'H': 0.022222222222222223, 'I': 0.0, 'K': 0.08888888888888889, 'L': 0.06666666666666667, 'M': 0.0, 'N': 0.022222222222222223, 'P': 0.2222222222222222, 'Q': 0.022222222222222223, 'R': 0.1111111111111111, 'S': 0.044444444444444446, 'T': 0.044444444444444446, 'V': 0.06666666666666667, 'W': 0.0, 'Y': 0.022222222222222223}","(0.2222222222222222, 0.3111111111111111, 0.2)"
QPCEC...CEC,5,1,1,578.66,-0.72,"{'A': 0, 'C': 2, 'D': 0, 'E': 1, 'F': 0, 'G': 0, 'H': 0, 'I': 0, 'K': 0, 'L': 0, 'M': 0, 'N': 0, 'P': 1, 'Q': 1, 'R': 0, 'S': 0, 'T': 0, 'V': 0, 'W': 0, 'Y': 0}","{'A': 0.0, 'C': 0.4, 'D': 0.0, 'E': 0.2, 'F': 0.0, 'G': 0.0, 'H': 0.0, 'I': 0.0, 'K': 0.0, 'L': 0.0, 'M': 0.0, 'N': 0.0, 'P': 0.2, 'Q': 0.2, 'R': 0.0, 'S': 0.0, 'T': 0.0, 'V': 0.0, 'W': 0.0, 'Y': 0.0}","(0.0, 0.2, 0.2)"
SSAVHQWQMQNVFCGLPIFWKAMPGRGRWP...WWR,45,1,1,5235.04,-0.59,"{'A': 2, 'C': 1, 'D': 0, 'E': 0, 'F': 2, 'G': 3, 'H': 1, 'I': 1, 'K': 2, 'L': 2, 'M': 2, 'N': 1, 'P': 8, 'Q': 3, 'R': 3, 'S': 5, 'T': 2, 'V': 2, 'W': 5, 'Y': 0}","{'A': 0.044444444444444446, 'C': 0.022222222222222223, 'D': 0.0, 'E': 0.0, 'F': 0.044444444444444446, 'G': 0.06666666666666667, 'H': 0.022222222222222223, 'I': 0.022222222222222223, 'K': 0.044444444444444446, 'L': 0.044444444444444446, 'M': 0.044444444444444446, 'N': 0.022222222222222223, 'P': 0.17777777777777778, 'Q': 0.06666666666666667, 'R': 0.06666666666666667, 'S': 0.1111111111111111, 'T': 0.044444444444444446, 'V': 0.044444444444444446, 'W': 0.1111111111111111, 'Y': 0.0}","(0.26666666666666666, 0.37777777777777777, 0.13333333333333333)"
LKKPLAARMLYPISAMPNVFLPNF...PNF,24,1,1,2732.35,0.45,"{'A': 3, 'C': 0, 'D': 0, 'E': 0, 'F': 2, 'G': 0, 'H': 0, 'I': 1, 'K': 2, 'L': 4, 'M': 2, 'N': 2, 'P': 4, 'Q': 0, 'R': 1, 'S': 1, 'T': 0, 'V': 1, 'W': 0, 'Y': 1}","{'A': 0.125, 'C': 0.0, 'D': 0.0, 'E': 0.0, 'F': 0.08333333333333333, 'G': 0.0, 'H': 0.0, 'I': 0.041666666666666664, 'K': 0.08333333333333333, 'L': 0.16666666666666666, 'M': 0.08333333333333333, 'N': 0.08333333333333333, 'P': 0.16666666666666666, 'Q': 0.0, 'R': 0.041666666666666664, 'S': 0.041666666666666664, 'T': 0.0, 'V': 0.041666666666666664, 'W': 0.0, 'Y': 0.041666666666666664}","(0.375, 0.2916666666666667, 0.375)"
RDSPPPSRDSRWRN...WRN,14,1,1,1725.82,-2.61,"{'A': 0, 'C': 0, 'D': 2, 'E': 0, 'F': 0, 'G': 0, 'H': 0, 'I': 0, 'K': 0, 'L': 0, 'M': 0, 'N': 1, 'P': 3, 'Q': 0, 'R': 4, 'S': 3, 'T': 0, 'V': 0, 'W': 1, 'Y': 0}","{'A': 0.0, 'C': 0.0, 'D': 0.14285714285714285, 'E': 0.0, 'F': 0.0, 'G': 0.0, 'H': 0.0, 'I': 0.0, 'K': 0.0, 'L': 0.0, 'M': 0.0, 'N': 0.07142857142857142, 'P': 0.21428571428571427, 'Q': 0.0, 'R': 0.2857142857142857, 'S': 0.21428571428571427, 'T': 0.0, 'V': 0.0, 'W': 0.07142857142857142, 'Y': 0.0}","(0.07142857142857142, 0.5, 0.0)"
KLSSTRNLPK...LPK,10,1,1,1143.34,-1.21,"{'A': 0, 'C': 0, 'D': 0, 'E': 0, 'F': 0, 'G': 0, 'H': 0, 'I': 0, 'K': 2, 'L': 2, 'M': 0, 'N': 1, 'P': 1, 'Q': 0, 'R': 1, 'S': 2, 'T': 1, 'V': 0, 'W': 0, 'Y': 0}","{'A': 0.0, 'C': 0.0, 'D': 0.0, 'E': 0.0, 'F': 0.0, 'G': 0.0, 'H': 0.0, 'I': 0.0, 'K': 0.2, 'L': 0.2, 'M': 0.0, 'N': 0.1, 'P': 0.1, 'Q': 0.0, 'R': 0.1, 'S': 0.2, 'T': 0.1, 'V': 0.0, 'W': 0.0, 'Y': 0.0}","(0.2, 0.4, 0.2)"
NMSCMALVC...LVC,9,1,1,971.24,1.59,"{'A': 1, 'C': 2, 'D': 0, 'E': 0, 'F': 0, 'G': 0, 'H': 0, 'I': 0, 'K': 0, 'L': 1, 'M': 2, 'N': 1, 'P': 0, 'Q': 0, 'R': 0, 'S': 1, 'T': 0, 'V': 1, 'W': 0, 'Y': 0}","{'A': 0.1111111111111111, 'C': 0.2222222222222222, 'D': 0.0, 'E': 0.0, 'F': 0.0, 'G': 0.0, 'H': 0.0, 'I': 0.0, 'K': 0.0, 'L': 0.1111111111111111, 'M': 0.2222222222222222, 'N': 0.1111111111111111, 'P': 0.0, 'Q': 0.0, 'R': 0.0, 'S': 0.1111111111111111, 'T': 0.0, 'V': 0.1111111111111111, 'W': 0.0, 'Y': 0.0}","(0.2222222222222222, 0.2222222222222222, 0.4444444444444444)"
GSARIALTLR...TLR,10,1,1,1057.25,0.48,"{'A': 2, 'C': 0, 'D': 0, 'E': 0, 'F': 0, 'G': 1, 'H': 0, 'I': 1, 'K': 0, 'L': 2, 'M': 0, 'N': 0, 'P': 0, 'Q': 0, 'R': 2, 'S': 1, 'T': 1, 'V': 0, 'W': 0, 'Y': 0}","{'A': 0.2, 'C': 0.0, 'D': 0.0, 'E': 0.0, 'F': 0.0, 'G': 0.1, 'H': 0.0, 'I': 0.1, 'K': 0.0, 'L': 0.2, 'M': 0.0, 'N': 0.0, 'P': 0.0, 'Q': 0.0, 'R': 0.2, 'S': 0.1, 'T': 0.1, 'V': 0.0, 'W': 0.0, 'Y': 0.0}","(0.30000000000000004, 0.2, 0.4)"
FAVARKCRSPLWPAC...PAC,15,1,1,1705.06,0.23,"{'A': 3, 'C': 2, 'D': 0, 'E': 0, 'F': 1, 'G': 0, 'H': 0, 'I': 0, 'K': 1, 'L': 1, 'M': 0, 'N': 0, 'P': 2, 'Q': 0, 'R': 2, 'S': 1, 'T': 0, 'V': 1, 'W': 1, 'Y': 0}","{'A': 0.2, 'C': 0.13333333333333333, 'D': 0.0, 'E': 0.0, 'F': 0.06666666666666667, 'G': 0.0, 'H': 0.0, 'I': 0.0, 'K': 0.06666666666666667, 'L': 0.06666666666666667, 'M': 0.0, 'N': 0.0, 'P': 0.13333333333333333, 'Q': 0.0, 'R': 0.13333333333333333, 'S': 0.06666666666666667, 'T': 0.0, 'V': 0.06666666666666667, 'W': 0.06666666666666667, 'Y': 0.0}","(0.26666666666666666, 0.2, 0.26666666666666666)"
KRVVTTLPLSIRSKNYWQWGITSNLPSILL...TWC,47,1,1,5452.47,0.33,"{'A': 1, 'C': 1, 'D': 0, 'E': 0, 'F': 1, 'G': 1, 'H': 0, 'I': 4, 'K': 2, 'L': 7, 'M': 0, 'N': 2, 'P': 4, 'Q': 2, 'R': 4, 'S': 5, 'T': 4, 'V': 5, 'W': 3, 'Y': 1}","{'A': 0.02127659574468085, 'C': 0.02127659574468085, 'D': 0.0, 'E': 0.0, 'F': 0.02127659574468085, 'G': 0.02127659574468085, 'H': 0.0, 'I': 0.0851063829787234, 'K': 0.0425531914893617, 'L': 0.14893617021276595, 'M': 0.0, 'N': 0.0425531914893617, 'P': 0.0851063829787234, 'Q': 0.0425531914893617, 'R': 0.0851063829787234, 'S': 0.10638297872340426, 'T': 0.0851063829787234, 'V': 0.10638297872340426, 'W': 0.06382978723404255, 'Y': 0.02127659574468085}","(0.44680851063829785, 0.2553191489361702, 0.1702127659574468)"
WQASPPVMKKANWWYLDATVPTTPRRCWLP...API,35,1,1,4143.83,-0.28,"{'A': 4, 'C': 1, 'D': 1, 'E': 0, 'F': 0, 'G': 0, 'H': 0, 'I': 1, 'K': 2, 'L': 2, 'M': 1, 'N': 1, 'P': 6, 'Q': 1, 'R': 2, 'S': 1, 'T': 3, 'V': 3, 'W': 4, 'Y': 2}","{'A': 0.11428571428571428, 'C': 0.02857142857142857, 'D': 0.02857142857142857, 'E': 0.0, 'F': 0.0, 'G': 0.0, 'H': 0.0, 'I': 0.02857142857142857, 'K': 0.05714285714285714, 'L': 0.05714285714285714, 'M': 0.02857142857142857, 'N': 0.02857142857142857, 'P': 0.17142857142857143, 'Q': 0.02857142857142857, 'R': 0.05714285714285714, 'S': 0.02857142857142857, 'T': 0.08571428571428572, 'V': 0.08571428571428572, 'W': 0.11428571428571428, 'Y': 0.05714285714285714}","(0.34285714285714286, 0.2285714285714286, 0.19999999999999998)"
LFILTAMGNMSLCGLKKESLTAASELVTCR...CRE,31,1,2,3330.96,0.55,"{'A': 3, 'C': 2, 'D': 0, 'E': 3, 'F': 1, 'G': 2, 'H': 0, 'I': 1, 'K': 2, 'L': 6, 'M': 2, 'N': 1, 'P': 0, 'Q': 0, 'R': 1, 'S': 3, 'T': 3, 'V': 1, 'W': 0, 'Y': 0}","{'A': 0.0967741935483871, 'C': 0.06451612903225806, 'D': 0.0, 'E': 0.0967741935483871, 'F': 0.03225806451612903, 'G': 0.06451612903225806, 'H': 0.0, 'I': 0.03225806451612903, 'K': 0.06451612903225806, 'L': 0.1935483870967742, 'M': 0.06451612903225806, 'N': 0.03225806451612903, 'P': 0.0, 'Q': 0.0, 'R': 0.03225806451612903, 'S': 0.0967741935483871, 'T': 0.0967741935483871, 'V': 0.03225806451612903, 'W': 0.0, 'Y': 0.0}","(0.29032258064516125, 0.1935483870967742, 0.45161290322580644)"
IKILLT...LLT,6,1,2,699.92,2.0,"{'A': 0, 'C': 0, 'D': 0, 'E': 0, 'F': 0, 'G': 0, 'H': 0, 'I': 2, 'K': 1, 'L': 2, 'M': 0, 'N': 0, 'P': 0, 'Q': 0, 'R': 0, 'S': 0, 'T': 1, 'V': 0, 'W': 0, 'Y': 0}","{'A': 0.0, 'C': 0.0, 'D': 0.0, 'E': 0.0, 'F': 0.0, 'G': 0.0, 'H': 0.0, 'I': 0.3333333333333333, 'K': 0.16666666666666666, 'L': 0.3333333333333333, 'M': 0.0, 'N': 0.0, 'P': 0.0, 'Q': 0.0, 'R': 0.0, 'S': 0.0, 'T': 0.16666666666666666, 'V': 0.0, 'W': 0.0, 'Y': 0.0}","(0.6666666666666666, 0.0, 0.3333333333333333)"
VTKYFNQYRHSAQTDKNYRVHNIHETH...ETH,27,1,2,3387.64,-1.61,"{'A': 1, 'C': 0, 'D': 1, 'E': 1, 'F': 1, 'G': 0, 'H': 4, 'I': 1, 'K': 2, 'L': 0, 'M': 0, 'N': 3, 'P': 0, 'Q': 2, 'R': 2, 'S': 1, 'T': 3, 'V': 2, 'W': 0, 'Y': 3}","{'A': 0.037037037037037035, 'C': 0.0, 'D': 0.037037037037037035, 'E': 0.037037037037037035, 'F': 0.037037037037037035, 'G': 0.0, 'H': 0.14814814814814814, 'I': 0.037037037037037035, 'K': 0.07407407407407407, 'L': 0.0, 'M': 0.0, 'N': 0.1111111111111111, 'P': 0.0, 'Q': 0.07407407407407407, 'R': 0.07407407407407407, 'S': 0.037037037037037035, 'T': 0.1111111111111111, 'V': 0.07407407407407407, 'W': 0.0, 'Y': 0.1111111111111111}","(0.25925925925925924, 0.14814814814814814, 0.07407407407407407)"
HHHYHHHHHYHR...YHR,12,1,2,1734.8,-2.99,"{'A': 0, 'C': 0, 'D': 0, 'E': 0, 'F': 0, 'G': 0, 'H': 9, 'I': 0, 'K': 0, 'L': 0, 'M': 0, 'N': 0, 'P': 0, 'Q': 0, 'R': 1, 'S': 0, 'T': 0, 'V': 0, 'W': 0, 'Y': 2}","{'A': 0.0, 'C': 0.0, 'D': 0.0, 'E': 0.0, 'F': 0.0, 'G': 0.0, 'H': 0.75, 'I': 0.0, 'K': 0.0, 'L': 0.0, 'M': 0.0, 'N': 0.0, 'P': 0.0, 'Q': 0.0, 'R': 0.08333333333333333, 'S': 0.0, 'T': 0.0, 'V': 0.0, 'W': 0.0, 'Y': 0.16666666666666666}","(0.16666666666666666, 0.0, 0.0)"
RCGLTRTGNTEKSPHLTVRAFFFDQR...DQR,26,1,2,3038.4,-0.79,"{'A': 1, 'C': 1, 'D': 1, 'E': 1, 'F': 3, 'G': 2, 'H': 1, 'I': 0, 'K': 1, 'L': 2, 'M': 0, 'N': 1, 'P': 1, 'Q': 1, 'R': 4, 'S': 1, 'T': 4, 'V': 1, 'W': 0, 'Y': 0}","{'A': 0.038461538461538464, 'C': 0.038461538461538464, 'D': 0.038461538461538464, 'E': 0.038461538461538464, 'F': 0.11538461538461539, 'G': 0.07692307692307693, 'H': 0.038461538461538464, 'I': 0.0, 'K': 0.038461538461538464, 'L': 0.07692307692307693, 'M': 0.0, 'N': 0.038461538461538464, 'P': 0.038461538461538464, 'Q': 0.038461538461538464, 'R': 0.15384615384615385, 'S': 0.038461538461538464, 'T': 0.15384615384615385, 'V': 0.038461538461538464, 'W': 0.0, 'Y': 0.0}","(0.23076923076923078, 0.19230769230769232, 0.15384615384615385)"
RGNNHASVEVRRYISGKCRTFSAGCRYSGK...GDD,55,1,2,5939.51,-1.16,"{'A': 4, 'C': 4, 'D': 2, 'E': 1, 'F': 1, 'G': 9, 'H': 3, 'I': 1, 'K': 2, 'L': 1, 'M': 0, 'N': 3, 'P': 4, 'Q': 4, 'R': 7, 'S': 4, 'T': 1, 'V': 2, 'W': 0, 'Y': 2}","{'A': 0.07272727272727272, 'C': 0.07272727272727272, 'D': 0.03636363636363636, 'E': 0.01818181818181818, 'F': 0.01818181818181818, 'G': 0.16363636363636364, 'H': 0.05454545454545454, 'I': 0.01818181818181818, 'K': 0.03636363636363636, 'L': 0.01818181818181818, 'M': 0.0, 'N': 0.05454545454545454, 'P': 0.07272727272727272, 'Q': 0.07272727272727272, 'R': 0.12727272727272726, 'S': 0.07272727272727272, 'T': 0.01818181818181818, 'V': 0.03636363636363636, 'W': 0.0, 'Y': 0.03636363636363636}","(0.1272727272727273, 0.36363636363636365, 0.1090909090909091)"
KNH...KNH,3,1,2,397.43,-3.53,"{'A': 0, 'C': 0, 'D': 0, 'E': 0, 'F': 0, 'G': 0, 'H': 1, 'I': 0, 'K': 1, 'L': 0, 'M': 0, 'N': 1, 'P': 0, 'Q': 0, 'R': 0, 'S': 0, 'T': 0, 'V': 0, 'W': 0, 'Y': 0}","{'A': 0.0, 'C': 0.0, 'D': 0.0, 'E': 0.0, 'F': 0.0, 'G': 0.0, 'H': 0.3333333333333333, 'I': 0.0, 'K': 0.3333333333333333, 'L': 0.0, 'M': 0.0, 'N': 0.3333333333333333, 'P': 0.0, 'Q': 0.0, 'R': 0.0, 'S': 0.0, 'T': 0.0, 'V': 0.0, 'W': 0.0, 'Y': 0.0}","(0.0, 0.3333333333333333, 0.0)"
RPGCFTQYQRCRTYFCRTFDGTRRRPAGIP...AWH,52,1,2,6031.88,-0.82,"{'A': 4, 'C': 5, 'D': 1, 'E': 1, 'F': 4, 'G': 5, 'H': 1, 'I': 3, 'K': 1, 'L': 0, 'M': 0, 'N': 2, 'P': 6, 'Q': 2, 'R': 9, 'S': 0, 'T': 5, 'V': 0, 'W': 1, 'Y': 2}","{'A': 0.07692307692307693, 'C': 0.09615384615384616, 'D': 0.019230769230769232, 'E': 0.019230769230769232, 'F': 0.07692307692307693, 'G': 0.09615384615384616, 'H': 0.019230769230769232, 'I': 0.057692307692307696, 'K': 0.019230769230769232, 'L': 0.0, 'M': 0.0, 'N': 0.038461538461538464, 'P': 0.11538461538461539, 'Q': 0.038461538461538464, 'R': 0.17307692307692307, 'S': 0.0, 'T': 0.09615384615384616, 'V': 0.0, 'W': 0.019230769230769232, 'Y': 0.038461538461538464}","(0.1923076923076923, 0.25, 0.09615384615384616)"
FVRAVPG...VPG,7,1,2,744.88,0.93,"{'A': 1, 'C': 0, 'D': 0, 'E': 0, 'F': 1, 'G': 1, 'H': 0, 'I': 0, 'K': 0, 'L': 0, 'M': 0, 'N': 0, 'P': 1, 'Q': 0, 'R': 1, 'S': 0, 'T': 0, 'V': 2, 'W': 0, 'Y': 0}","{'A': 0.14285714285714285, 'C': 0.0, 'D': 0.0, 'E': 0.0, 'F': 0.14285714285714285, 'G': 0.14285714285714285, 'H': 0.0, 'I': 0.0, 'K': 0.0, 'L': 0.0, 'M': 0.0, 'N': 0.0, 'P': 0.14285714285714285, 'Q': 0.0, 'R': 0.14285714285714285, 'S': 0.0, 'T': 0.0, 'V': 0.2857142857142857, 'W': 0.0, 'Y': 0.0}","(0.42857142857142855, 0.2857142857142857, 0.14285714285714285)"
H...H,1,1,2,155.15,-3.2,"{'A': 0, 'C': 0, 'D': 0, 'E': 0, 'F': 0, 'G': 0, 'H': 1, 'I': 0, 'K': 0, 'L': 0, 'M': 0, 'N': 0, 'P': 0, 'Q': 0, 'R': 0, 'S': 0, 'T': 0, 'V': 0, 'W': 0, 'Y': 0}","{'A': 0.0, 'C': 0.0, 'D': 0.0, 'E': 0.0, 'F': 0.0, 'G': 0.0, 'H': 1.0, 'I': 0.0, 'K': 0.0, 'L': 0.0, 'M': 0.0, 'N': 0.0, 'P': 0.0, 'Q': 0.0, 'R': 0.0, 'S': 0.0, 'T': 0.0, 'V': 0.0, 'W': 0.0, 'Y': 0.0}","(0.0, 0.0, 0.0)"
RCADLPWRENVDRHYGRRVRSAWSQRYRYR...RYC,49,1,2,6033.75,-1.43,"{'A': 3, 'C': 2, 'D': 2, 'E': 1, 'F': 0, 'G': 4, 'H': 1, 'I': 1, 'K': 1, 'L': 2, 'M': 0, 'N': 1, 'P': 2, 'Q': 1, 'R': 13, 'S': 4, 'T': 2, 'V': 2, 'W': 2, 'Y': 5}","{'A': 0.061224489795918366, 'C': 0.04081632653061224, 'D': 0.04081632653061224, 'E': 0.02040816326530612, 'F': 0.0, 'G': 0.08163265306122448, 'H': 0.02040816326530612, 'I': 0.02040816326530612, 'K': 0.02040816326530612, 'L': 0.04081632653061224, 'M': 0.0, 'N': 0.02040816326530612, 'P': 0.04081632653061224, 'Q': 0.02040816326530612, 'R': 0.2653061224489796, 'S': 0.08163265306122448, 'T': 0.04081632653061224, 'V': 0.04081632653061224, 'W': 0.04081632653061224, 'Y': 0.10204081632653061}","(0.24489795918367346, 0.22448979591836732, 0.12244897959183673)"
VHPPYCGKSYSG...YSG,12,1,2,1294.43,-0.72,"{'A': 0, 'C': 1, 'D': 0, 'E': 0, 'F': 0, 'G': 2, 'H': 1, 'I': 0, 'K': 1, 'L': 0, 'M': 0, 'N': 0, 'P': 2, 'Q': 0, 'R': 0, 'S': 2, 'T': 0, 'V': 1, 'W': 0, 'Y': 2}","{'A': 0.0, 'C': 0.08333333333333333, 'D': 0.0, 'E': 0.0, 'F': 0.0, 'G': 0.16666666666666666, 'H': 0.08333333333333333, 'I': 0.0, 'K': 0.08333333333333333, 'L': 0.0, 'M': 0.0, 'N': 0.0, 'P': 0.16666666666666666, 'Q': 0.0, 'R': 0.0, 'S': 0.16666666666666666, 'T': 0.0, 'V': 0.08333333333333333, 'W': 0.0, 'Y': 0.16666666666666666}","(0.25, 0.5, 0.0)"
SHGADGRLHRR...HRR,11,1,2,1261.35,-1.76,"{'A': 1, 'C': 0, 'D': 1, 'E': 0, 'F': 0, 'G': 2, 'H': 2, 'I': 0, 'K': 0, 'L': 1, 'M': 0, 'N': 0, 'P': 0, 'Q': 0, 'R': 3, 'S': 1, 'T': 0, 'V': 0, 'W': 0, 'Y': 0}","{'A': 0.09090909090909091, 'C': 0.0, 'D': 0.09090909090909091, 'E': 0.0, 'F': 0.0, 'G': 0.18181818181818182, 'H': 0.18181818181818182, 'I': 0.0, 'K': 0.0, 'L': 0.09090909090909091, 'M': 0.0, 'N': 0.0, 'P': 0.0, 'Q': 0.0, 'R': 0.2727272727272727, 'S': 0.09090909090909091, 'T': 0.0, 'V': 0.0, 'W': 0.0, 'Y': 0.0}","(0.09090909090909091, 0.2727272727272727, 0.18181818181818182)"
KRRTGGTWTQRFRLLRGGAGCLFTRR...TRR,26,1,2,3051.54,-0.9,"{'A': 1, 'C': 1, 'D': 0, 'E': 0, 'F': 2, 'G': 5, 'H': 0, 'I': 0, 'K': 1, 'L': 3, 'M': 0, 'N': 0, 'P': 0, 'Q': 1, 'R': 7, 'S': 0, 'T': 4, 'V': 0, 'W': 1, 'Y': 0}","{'A': 0.038461538461538464, 'C': 0.038461538461538464, 'D': 0.0, 'E': 0.0, 'F': 0.07692307692307693, 'G': 0.19230769230769232, 'H': 0.0, 'I': 0.0, 'K': 0.038461538461538464, 'L': 0.11538461538461539, 'M': 0.0, 'N': 0.0, 'P': 0.0, 'Q': 0.038461538461538464, 'R': 0.2692307692307692, 'S': 0.0, 'T': 0.15384615384615385, 'V': 0.0, 'W': 0.038461538461538464, 'Y': 0.0}","(0.23076923076923078, 0.19230769230769232, 0.15384615384615385)"
NRRVNRQPAPPRSSRNRCVQVPPVRLFHYR...YRR,31,-1,0,3813.37,-1.43,"{'A': 1, 'C': 1, 'D': 0, 'E': 0, 'F': 1, 'G': 0, 'H': 1, 'I': 0, 'K': 0, 'L': 1, 'M': 0, 'N': 3, 'P': 5, 'Q': 2, 'R': 9, 'S': 2, 'T': 0, 'V': 4, 'W': 0, 'Y': 1}","{'A': 0.03225806451612903, 'C': 0.03225806451612903, 'D': 0.0, 'E': 0.0, 'F': 0.03225806451612903, 'G': 0.0, 'H': 0.03225806451612903, 'I': 0.0, 'K': 0.0, 'L': 0.03225806451612903, 'M': 0.0, 'N': 0.0967741935483871, 'P': 0.16129032258064516, 'Q': 0.06451612903225806, 'R': 0.2903225806451613, 'S': 0.06451612903225806, 'T': 0.0, 'V': 0.12903225806451613, 'W': 0.0, 'Y': 0.03225806451612903}","(0.22580645161290322, 0.3225806451612903, 0.06451612903225806)"
SLPSAPCDQPEYDLPQYGGWTQQYRR...YRR,26,-1,0,3056.28,-1.38,"{'A': 1, 'C': 1, 'D': 2, 'E': 1, 'F': 0, 'G': 2, 'H': 0, 'I': 0, 'K': 0, 'L': 2, 'M': 0, 'N': 0, 'P': 4, 'Q': 4, 'R': 2, 'S': 2, 'T': 1, 'V': 0, 'W': 1, 'Y': 3}","{'A': 0.038461538461538464, 'C': 0.038461538461538464, 'D': 0.07692307692307693, 'E': 0.038461538461538464, 'F': 0.0, 'G': 0.07692307692307693, 'H': 0.0, 'I': 0.0, 'K': 0.0, 'L': 0.07692307692307693, 'M': 0.0, 'N': 0.0, 'P': 0.15384615384615385, 'Q': 0.15384615384615385, 'R': 0.07692307692307693, 'S': 0.07692307692307693, 'T': 0.038461538461538464, 'V': 0.0, 'W': 0.038461538461538464, 'Y': 0.11538461538461539}","(0.23076923076923078, 0.3076923076923077, 0.15384615384615385)"
IRGNAPLPVVFRPDR...PDR,15,-1,0,1706.99,-0.29,"{'A': 1, 'C': 0, 'D': 1, 'E': 0, 'F': 1, 'G': 1, 'H': 0, 'I': 1, 'K': 0, 'L': 1, 'M': 0, 'N': 1, 'P': 3, 'Q': 0, 'R': 3, 'S': 0, 'T': 0, 'V': 2, 'W': 0, 'Y': 0}","{'A': 0.06666666666666667, 'C': 0.0, 'D': 0.06666666666666667, 'E': 0.0, 'F': 0.06666666666666667, 'G': 0.06666666666666667, 'H': 0.0, 'I': 0.06666666666666667, 'K': 0.0, 'L': 0.06666666666666667, 'M': 0.0, 'N': 0.06666666666666667, 'P': 0.2, 'Q': 0.0, 'R': 0.2, 'S': 0.0, 'T': 0.0, 'V': 0.13333333333333333, 'W': 0.0, 'Y': 0.0}","(0.3333333333333333, 0.3333333333333333, 0.13333333333333333)"
R...R,1,-1,0,174.2,-4.5,"{'A': 0, 'C': 0, 'D': 0, 'E': 0, 'F': 0, 'G': 0, 'H': 0, 'I': 0, 'K': 0, 'L': 0, 'M': 0, 'N': 0, 'P': 0, 'Q': 0, 'R': 1, 'S': 0, 'T': 0, 'V': 0, 'W': 0, 'Y': 0}","{'A': 0.0, 'C': 0.0, 'D': 0.0, 'E': 0.0, 'F': 0.0, 'G': 0.0, 'H': 0.0, 'I': 0.0, 'K': 0.0, 'L': 0.0, 'M': 0.0, 'N': 0.0, 'P': 0.0, 'Q': 0.0, 'R': 1.0, 'S': 0.0, 'T': 0.0, 'V': 0.0, 'W': 0.0, 'Y': 0.0}","(0.0, 0.0, 0.0)"
RCDHALLTRRP...RRP,11,-1,0,1337.55,-0.96,"{'A': 1, 'C': 1, 'D': 1, 'E': 0, 'F': 0, 'G': 0, 'H': 1, 'I': 0, 'K': 0, 'L': 2, 'M': 0, 'N': 0, 'P': 1, 'Q': 0, 'R': 3, 'S': 0, 'T': 1, 'V': 0, 'W': 0, 'Y': 0}","{'A': 0.09090909090909091, 'C': 0.09090909090909091, 'D': 0.09090909090909091, 'E': 0.0, 'F': 0.0, 'G': 0.0, 'H': 0.09090909090909091, 'I': 0.0, 'K': 0.0, 'L': 0.18181818181818182, 'M': 0.0, 'N': 0.0, 'P': 0.09090909090909091, 'Q': 0.0, 'R': 0.2727272727272727, 'S': 0.0, 'T': 0.09090909090909091, 'V': 0.0, 'W': 0.0, 'Y': 0.0}","(0.18181818181818182, 0.09090909090909091, 0.2727272727272727)"
WRSTFSRHGKSAQR...AQR,14,-1,0,1703.86,-1.71,"{'A': 1, 'C': 0, 'D': 0, 'E': 0, 'F': 1, 'G': 1, 'H': 1, 'I': 0, 'K': 1, 'L': 0, 'M': 0, 'N': 0, 'P': 0, 'Q': 1, 'R': 3, 'S': 3, 'T': 1, 'V': 0, 'W': 1, 'Y': 0}","{'A': 0.07142857142857142, 'C': 0.0, 'D': 0.0, 'E': 0.0, 'F': 0.07142857142857142, 'G': 0.07142857142857142, 'H': 0.07142857142857142, 'I': 0.0, 'K': 0.07142857142857142, 'L': 0.0, 'M': 0.0, 'N': 0.0, 'P': 0.0, 'Q': 0.07142857142857142, 'R': 0.21428571428571427, 'S': 0.21428571428571427, 'T': 0.07142857142857142, 'V': 0.0, 'W': 0.07142857142857142, 'Y': 0.0}","(0.14285714285714285, 0.2857142857142857, 0.07142857142857142)"
CYPGTALTN...LTN,9,-1,0,939.04,-0.01,"{'A': 1, 'C': 1, 'D': 0, 'E': 0, 'F': 0, 'G': 1, 'H': 0, 'I': 0, 'K': 0, 'L': 1, 'M': 0, 'N': 1, 'P': 1, 'Q': 0, 'R': 0, 'S': 0, 'T': 2, 'V': 0, 'W': 0, 'Y': 1}","{'A': 0.1111111111111111, 'C': 0.1111111111111111, 'D': 0.0, 'E': 0.0, 'F': 0.0, 'G': 0.1111111111111111, 'H': 0.0, 'I': 0.0, 'K': 0.0, 'L': 0.1111111111111111, 'M': 0.0, 'N': 0.1111111111111111, 'P': 0.1111111111111111, 'Q': 0.0, 'R': 0.0, 'S': 0.0, 'T': 0.2222222222222222, 'V': 0.0, 'W': 0.0, 'Y': 0.1111111111111111}","(0.2222222222222222, 0.3333333333333333, 0.2222222222222222)"
CHAGHVLFGQIPGRRKFSIAPAGIPAGRRR...RHR,43,-1,0,4861.7,-0.61,"{'A': 4, 'C': 1, 'D': 0, 'E': 0, 'F': 2, 'G': 5, 'H': 3, 'I': 3, 'K': 3, 'L': 1, 'M': 0, 'N': 0, 'P': 4, 'Q': 2, 'R': 8, 'S': 2, 'T': 0, 'V': 4, 'W': 0, 'Y': 1}","{'A': 0.09302325581395349, 'C': 0.023255813953488372, 'D': 0.0, 'E': 0.0, 'F': 0.046511627906976744, 'G': 0.11627906976744186, 'H': 0.06976744186046512, 'I': 0.06976744186046512, 'K': 0.06976744186046512, 'L': 0.023255813953488372, 'M': 0.0, 'N': 0.0, 'P': 0.09302325581395349, 'Q': 0.046511627906976744, 'R': 0.18604651162790697, 'S': 0.046511627906976744, 'T': 0.0, 'V': 0.09302325581395349, 'W': 0.0, 'Y': 0.023255813953488372}","(0.2558139534883721, 0.2558139534883721, 0.11627906976744186)"
YWVKHPGR...PGR,8,-1,0,1042.19,-1.45,"{'A': 0, 'C': 0, 'D': 0, 'E': 0, 'F': 0, 'G': 1, 'H': 1, 'I': 0, 'K': 1, 'L': 0, 'M': 0, 'N': 0, 'P': 1, 'Q': 0, 'R': 1, 'S': 0, 'T': 0, 'V': 1, 'W': 1, 'Y': 1}","{'A': 0.0, 'C': 0.0, 'D': 0.0, 'E': 0.0, 'F': 0.0, 'G': 0.125, 'H': 0.125, 'I': 0.0, 'K': 0.125, 'L': 0.0, 'M': 0.0, 'N': 0.0, 'P': 0.125, 'Q': 0.0, 'R': 0.125, 'S': 0.0, 'T': 0.0, 'V': 0.125, 'W': 0.125, 'Y': 0.125}","(0.375, 0.25, 0.0)"
WFFQSSPPGGW...GGW,11,-1,0,1295.4,-0.48,"{'A': 0, 'C': 0, 'D': 0, 'E': 0, 'F': 2, 'G': 2, 'H': 0, 'I': 0, 'K': 0, 'L': 0, 'M': 0, 'N': 0, 'P': 2, 'Q': 1, 'R': 0, 'S': 2, 'T': 0, 'V': 0, 'W': 2, 'Y': 0}","{'A': 0.0, 'C': 0.0, 'D': 0.0, 'E': 0.0, 'F': 0.18181818181818182, 'G': 0.18181818181818182, 'H': 0.0, 'I': 0.0, 'K': 0.0, 'L': 0.0, 'M': 0.0, 'N': 0.0, 'P': 0.18181818181818182, 'Q': 0.09090909090909091, 'R': 0.0, 'S': 0.18181818181818182, 'T': 0.0, 'V': 0.0, 'W': 0.18181818181818182, 'Y': 0.0}","(0.36363636363636365, 0.5454545454545454, 0.0)"
FWRGQRGRWPPAPAWHCFPEYRQPAENVLH...YLW,77,-1,0,9422.99,-0.49,"{'A': 5, 'C': 2, 'D': 0, 'E': 2, 'F': 4, 'G': 3, 'H': 3, 'I': 0, 'K': 3, 'L': 9, 'M': 1, 'N': 1, 'P': 9, 'Q': 2, 'R': 11, 'S': 4, 'T': 3, 'V': 5, 'W': 6, 'Y': 4}","{'A': 0.06493506493506493, 'C': 0.025974025974025976, 'D': 0.0, 'E': 0.025974025974025976, 'F': 0.05194805194805195, 'G': 0.03896103896103896, 'H': 0.03896103896103896, 'I': 0.0, 'K': 0.03896103896103896, 'L': 0.11688311688311688, 'M': 0.012987012987012988, 'N': 0.012987012987012988, 'P': 0.11688311688311688, 'Q': 0.025974025974025976, 'R': 0.14285714285714285, 'S': 0.05194805194805195, 'T': 0.03896103896103896, 'V': 0.06493506493506493, 'W': 0.07792207792207792, 'Y': 0.05194805194805195}","(0.36363636363636365, 0.2207792207792208, 0.22077922077922077)"
W...W,1,-1,0,204.23,-0.9,"{'A': 0, 'C': 0, 'D': 0, 'E': 0, 'F': 0, 'G': 0, 'H': 0, 'I': 0, 'K': 0, 'L': 0, 'M': 0, 'N': 0, 'P': 0, 'Q': 0, 'R': 0, 'S': 0, 'T': 0, 'V': 0, 'W': 1, 'Y': 0}","{'A': 0.0, 'C': 0.0, 'D': 0.0, 'E': 0.0, 'F': 0.0, 'G': 0.0, 'H': 0.0, 'I': 0.0, 'K': 0.0, 'L': 0.0, 'M': 0.0, 'N': 0.0, 'P': 0.0, 'Q': 0.0, 'R': 0.0, 'S': 0.0, 'T': 0.0, 'V': 0.0, 'W': 1.0, 'Y': 0.0}","(1.0, 0.0, 0.0)"
WWW...WWW,3,-1,0,576.64,-0.9,"{'A': 0, 'C': 0, 'D': 0, 'E': 0, 'F': 0, 'G': 0, 'H': 0, 'I': 0, 'K': 0, 'L': 0, 'M': 0, 'N': 0, 'P': 0, 'Q': 0, 'R': 0, 'S': 0, 'T': 0, 'V': 0, 'W': 3, 'Y': 0}","{'A': 0.0, 'C': 0.0, 'D': 0.0, 'E': 0.0, 'F': 0.0, 'G': 0.0, 'H': 0.0, 'I': 0.0, 'K': 0.0, 'L': 0.0, 'M': 0.0, 'N': 0.0, 'P': 0.0, 'Q': 0.0, 'R': 0.0, 'S': 0.0, 'T': 0.0, 'V': 0.0, 'W': 1.0, 'Y': 0.0}","(1.0, 0.0, 0.0)"
WWC...WWC,3,-1,0,493.58,0.23,"{'A': 0, 'C': 1, 'D': 0, 'E': 0, 'F': 0, 'G': 0, 'H': 0, 'I': 0, 'K': 0, 'L': 0, 'M': 0, 'N': 0, 'P': 0, 'Q': 0, 'R': 0, 'S': 0, 'T': 0, 'V': 0, 'W': 2, 'Y': 0}","{'A': 0.0, 'C': 0.3333333333333333, 'D': 0.0, 'E': 0.0, 'F': 0.0, 'G': 0.0, 'H': 0.0, 'I': 0.0, 'K': 0.0, 'L': 0.0, 'M': 0.0, 'N': 0.0, 'P': 0.0, 'Q': 0.0, 'R': 0.0, 'S': 0.0, 'T': 0.0, 'V': 0.0, 'W': 0.6666666666666666, 'Y': 0.0}","(0.6666666666666666, 0.0, 0.0)"
CVSWMLCTL...CTL,9,-1,0,1055.33,1.81,"{'A': 0, 'C': 2, 'D': 0, 'E': 0, 'F': 0, 'G': 0, 'H': 0, 'I': 0, 'K': 0, 'L': 2, 'M': 1, 'N': 0, 'P': 0, 'Q': 0, 'R': 0, 'S': 1, 'T': 1, 'V': 1, 'W': 1, 'Y': 0}","{'A': 0.0, 'C': 0.2222222222222222, 'D': 0.0, 'E': 0.0, 'F': 0.0, 'G': 0.0, 'H': 0.0, 'I': 0.0, 'K': 0.0, 'L': 0.2222222222222222, 'M': 0.1111111111111111, 'N': 0.0, 'P': 0.0, 'Q': 0.0, 'R': 0.0, 'S': 0.1111111111111111, 'T': 0.1111111111111111, 'V': 0.1111111111111111, 'W': 0.1111111111111111, 'Y': 0.0}","(0.4444444444444444, 0.1111111111111111, 0.3333333333333333)"
FLSVCALCLYWLKYLVT...LVT,17,-1,0,2035.51,1.65,"{'A': 1, 'C': 2, 'D': 0, 'E': 0, 'F': 1, 'G': 0, 'H': 0, 'I': 0, 'K': 1, 'L': 5, 'M': 0, 'N': 0, 'P': 0, 'Q': 0, 'R': 0, 'S': 1, 'T': 1, 'V': 2, 'W': 1, 'Y': 2}","{'A': 0.058823529411764705, 'C': 0.11764705882352941, 'D': 0.0, 'E': 0.0, 'F': 0.058823529411764705, 'G': 0.0, 'H': 0.0, 'I': 0.0, 'K': 0.058823529411764705, 'L': 0.29411764705882354, 'M': 0.0, 'N': 0.0, 'P': 0.0, 'Q': 0.0, 'R': 0.0, 'S': 0.058823529411764705, 'T': 0.058823529411764705, 'V': 0.11764705882352941, 'W': 0.058823529411764705, 'Y': 0.11764705882352941}","(0.6470588235294118, 0.058823529411764705, 0.35294117647058826)"
VNKILIYSRQVTSSEAAVRDSFFNPHRDIL...MKS,38,-1,0,4360.01,-0.1,"{'A': 3, 'C': 0, 'D': 2, 'E': 1, 'F': 2, 'G': 0, 'H': 1, 'I': 4, 'K': 2, 'L': 2, 'M': 1, 'N': 2, 'P': 2, 'Q': 1, 'R': 4, 'S': 5, 'T': 1, 'V': 4, 'W': 0, 'Y': 1}","{'A': 0.07894736842105263, 'C': 0.0, 'D': 0.05263157894736842, 'E': 0.02631578947368421, 'F': 0.05263157894736842, 'G': 0.0, 'H': 0.02631578947368421, 'I': 0.10526315789473684, 'K': 0.05263157894736842, 'L': 0.05263157894736842, 'M': 0.02631578947368421, 'N': 0.05263157894736842, 'P': 0.05263157894736842, 'Q': 0.02631578947368421, 'R': 0.10526315789473684, 'S': 0.13157894736842105, 'T': 0.02631578947368421, 'V': 0.10526315789473684, 'W': 0.0, 'Y': 0.02631578947368421}","(0.34210526315789475, 0.23684210526315788, 0.18421052631578946)"
IGA...IGA,3,-1,1,259.3,1.97,"{'A': 1, 'C': 0, 'D': 0, 'E': 0, 'F': 0, 'G': 1, 'H': 0, 'I': 1, 'K': 0, 'L': 0, 'M': 0, 'N': 0, 'P': 0, 'Q': 0, 'R': 0, 'S': 0, 'T': 0, 'V': 0, 'W': 0, 'Y': 0}","{'A': 0.3333333333333333, 'C': 0.0, 'D': 0.0, 'E': 0.0, 'F': 0.0, 'G': 0.3333333333333333, 'H': 0.0, 'I': 0.3333333333333333, 'K': 0.0, 'L': 0.0, 'M': 0.0, 'N': 0.0, 'P': 0.0, 'Q': 0.0, 'R': 0.0, 'S': 0.0, 'T': 0.0, 'V': 0.0, 'W': 0.0, 'Y': 0.0}","(0.3333333333333333, 0.3333333333333333, 0.3333333333333333)"
TGSQHRRGVVGTVASKYHQFAFFITGGEAC...HCQ,63,-1,1,6911.64,-0.44,"{'A': 4, 'C': 3, 'D': 1, 'E': 2, 'F': 4, 'G': 8, 'H': 6, 'I': 3, 'K': 1, 'L': 1, 'M': 1, 'N': 3, 'P': 1, 'Q': 4, 'R': 5, 'S': 4, 'T': 6, 'V': 5, 'W': 0, 'Y': 1}","{'A': 0.06349206349206349, 'C': 0.047619047619047616, 'D': 0.015873015873015872, 'E': 0.031746031746031744, 'F': 0.06349206349206349, 'G': 0.12698412698412698, 'H': 0.09523809523809523, 'I': 0.047619047619047616, 'K': 0.015873015873015872, 'L': 0.015873015873015872, 'M': 0.015873015873015872, 'N': 0.047619047619047616, 'P': 0.015873015873015872, 'Q': 0.06349206349206349, 'R': 0.07936507936507936, 'S': 0.06349206349206349, 'T': 0.09523809523809523, 'V': 0.07936507936507936, 'W': 0.0, 'Y': 0.015873015873015872}","(0.2222222222222222, 0.25396825396825395, 0.12698412698412698)"
FFDRIDNGNVVTTRF...TRF,15,-1,1,1800.97,-0.23,"{'A': 0, 'C': 0, 'D': 2, 'E': 0, 'F': 3, 'G': 1, 'H': 0, 'I': 1, 'K': 0, 'L': 0, 'M': 0, 'N': 2, 'P': 0, 'Q': 0, 'R': 2, 'S': 0, 'T': 2, 'V': 2, 'W': 0, 'Y': 0}","{'A': 0.0, 'C': 0.0, 'D': 0.13333333333333333, 'E': 0.0, 'F': 0.2, 'G': 0.06666666666666667, 'H': 0.0, 'I': 0.06666666666666667, 'K': 0.0, 'L': 0.0, 'M': 0.0, 'N': 0.13333333333333333, 'P': 0.0, 'Q': 0.0, 'R': 0.13333333333333333, 'S': 0.0, 'T': 0.13333333333333333, 'V': 0.13333333333333333, 'W': 0.0, 'Y': 0.0}","(0.4, 0.2, 0.0)"
HAGHNGDRHFLATANQRSVNAIRALP...ALP,26,-1,1,2824.08,-0.63,"{'A': 5, 'C': 0, 'D': 1, 'E': 0, 'F': 1, 'G': 2, 'H': 3, 'I': 1, 'K': 0, 'L': 2, 'M': 0, 'N': 3, 'P': 1, 'Q': 1, 'R': 3, 'S': 1, 'T': 1, 'V': 1, 'W': 0, 'Y': 0}","{'A': 0.19230769230769232, 'C': 0.0, 'D': 0.038461538461538464, 'E': 0.0, 'F': 0.038461538461538464, 'G': 0.07692307692307693, 'H': 0.11538461538461539, 'I': 0.038461538461538464, 'K': 0.0, 'L': 0.07692307692307693, 'M': 0.0, 'N': 0.11538461538461539, 'P': 0.038461538461538464, 'Q': 0.038461538461538464, 'R': 0.11538461538461539, 'S': 0.038461538461538464, 'T': 0.038461538461538464, 'V': 0.038461538461538464, 'W': 0.0, 'Y': 0.0}","(0.19230769230769232, 0.2692307692307693, 0.2692307692307693)"
QTNAMQDMFYLGKFLVDESFQLRQRESRLG...DIG,49,-1,1,5573.2,-0.68,"{'A': 2, 'C': 0, 'D': 3, 'E': 3, 'F': 5, 'G': 7, 'H': 0, 'I': 2, 'K': 3, 'L': 4, 'M': 2, 'N': 2, 'P': 0, 'Q': 5, 'R': 4, 'S': 3, 'T': 2, 'V': 1, 'W': 0, 'Y': 1}","{'A': 0.04081632653061224, 'C': 0.0, 'D': 0.061224489795918366, 'E': 0.061224489795918366, 'F': 0.10204081632653061, 'G': 0.14285714285714285, 'H': 0.0, 'I': 0.04081632653061224, 'K': 0.061224489795918366, 'L': 0.08163265306122448, 'M': 0.04081632653061224, 'N': 0.04081632653061224, 'P': 0.0, 'Q': 0.10204081632653061, 'R': 0.08163265306122448, 'S': 0.061224489795918366, 'T': 0.04081632653061224, 'V': 0.02040816326530612, 'W': 0.0, 'Y': 0.02040816326530612}","(0.26530612244897955, 0.24489795918367346, 0.22448979591836732)"
SILAANGFFNHRHQVVGDFGGGREDGGHLP...ICH,50,-1,1,5345.95,-0.17,"{'A': 3, 'C': 2, 'D': 2, 'E': 1, 'F': 5, 'G': 9, 'H': 4, 'I': 4, 'K': 1, 'L': 3, 'M': 0, 'N': 4, 'P': 3, 'Q': 3, 'R': 2, 'S': 1, 'T': 1, 'V': 2, 'W': 0, 'Y': 0}","{'A': 0.06, 'C': 0.04, 'D': 0.04, 'E': 0.02, 'F': 0.1, 'G': 0.18, 'H': 0.08, 'I': 0.08, 'K': 0.02, 'L': 0.06, 'M': 0.0, 'N': 0.08, 'P': 0.06, 'Q': 0.06, 'R': 0.04, 'S': 0.02, 'T': 0.02, 'V': 0.04, 'W': 0.0, 'Y': 0.0}","(0.28, 0.34, 0.14)"
CTAELQHSHGCYLVTFGRKKKPALSGAGFF...YIG,76,-1,1,7994.07,0.24,"{'A': 8, 'C': 7, 'D': 1, 'E': 1, 'F': 6, 'G': 13, 'H': 3, 'I': 1, 'K': 3, 'L': 7, 'M': 0, 'N': 4, 'P': 1, 'Q': 1, 'R': 3, 'S': 4, 'T': 4, 'V': 4, 'W': 0, 'Y': 5}","{'A': 0.10526315789473684, 'C': 0.09210526315789473, 'D': 0.013157894736842105, 'E': 0.013157894736842105, 'F': 0.07894736842105263, 'G': 0.17105263157894737, 'H': 0.039473684210526314, 'I': 0.013157894736842105, 'K': 0.039473684210526314, 'L': 0.09210526315789473, 'M': 0.0, 'N': 0.05263157894736842, 'P': 0.013157894736842105, 'Q': 0.013157894736842105, 'R': 0.039473684210526314, 'S': 0.05263157894736842, 'T': 0.05263157894736842, 'V': 0.05263157894736842, 'W': 0.0, 'Y': 0.06578947368421052}","(0.3026315789473684, 0.2894736842105263, 0.21052631578947367)"
SI...SI,2,-1,1,218.25,1.85,"{'A': 0, 'C': 0, 'D': 0, 'E': 0, 'F': 0, 'G': 0, 'H': 0, 'I': 1, 'K': 0, 'L': 0, 'M': 0, 'N': 0, 'P': 0, 'Q': 0, 'R': 0, 'S': 1, 'T': 0, 'V': 0, 'W': 0, 'Y': 0}","{'A': 0.0, 'C': 0.0, 'D': 0.0, 'E': 0.0, 'F': 0.0, 'G': 0.0, 'H': 0.0, 'I': 0.5, 'K': 0.0, 'L': 0.0, 'M': 0.0, 'N': 0.0, 'P': 0.0, 'Q': 0.0, 'R': 0.0, 'S': 0.5, 'T': 0.0, 'V': 0.0, 'W': 0.0, 'Y': 0.0}","(0.5, 0.5, 0.0)"
PKSIKF...IKF,6,-1,1,718.88,-0.48,"{'A': 0, 'C': 0, 'D': 0, 'E': 0, 'F': 1, 'G': 0, 'H': 0, 'I': 1, 'K': 2, 'L': 0, 'M': 0, 'N': 0, 'P': 1, 'Q': 0, 'R': 0, 'S': 1, 'T': 0, 'V': 0, 'W': 0, 'Y': 0}","{'A': 0.0, 'C': 0.0, 'D': 0.0, 'E': 0.0, 'F': 0.16666666666666666, 'G': 0.0, 'H': 0.0, 'I': 0.16666666666666666, 'K': 0.3333333333333333, 'L': 0.0, 'M': 0.0, 'N': 0.0, 'P': 0.16666666666666666, 'Q': 0.0, 'R': 0.0, 'S': 0.16666666666666666, 'T': 0.0, 'V': 0.0, 'W': 0.0, 'Y': 0.0}","(0.3333333333333333, 0.3333333333333333, 0.0)"
FTHGR...HGR,5,-1,1,616.67,-1.2,"{'A': 0, 'C': 0, 'D': 0, 'E': 0, 'F': 1, 'G': 1, 'H': 1, 'I': 0, 'K': 0, 'L': 0, 'M': 0, 'N': 0, 'P': 0, 'Q': 0, 'R': 1, 'S': 0, 'T': 1, 'V': 0, 'W': 0, 'Y': 0}","{'A': 0.0, 'C': 0.0, 'D': 0.0, 'E': 0.0, 'F': 0.2, 'G': 0.2, 'H': 0.2, 'I': 0.0, 'K': 0.0, 'L': 0.0, 'M': 0.0, 'N': 0.0, 'P': 0.0, 'Q': 0.0, 'R': 0.2, 'S': 0.0, 'T': 0.2, 'V': 0.0, 'W': 0.0, 'Y': 0.0}","(0.2, 0.2, 0.0)"
PVQKLLSETLFLIHTETYCPLQSE...QSE,24,-1,1,2790.19,0.01,"{'A': 0, 'C': 1, 'D': 0, 'E': 3, 'F': 1, 'G': 0, 'H': 1, 'I': 1, 'K': 1, 'L': 5, 'M': 0, 'N': 0, 'P': 2, 'Q': 2, 'R': 0, 'S': 2, 'T': 3, 'V': 1, 'W': 0, 'Y': 1}","{'A': 0.0, 'C': 0.041666666666666664, 'D': 0.0, 'E': 0.125, 'F': 0.041666666666666664, 'G': 0.0, 'H': 0.041666666666666664, 'I': 0.041666666666666664, 'K': 0.041666666666666664, 'L': 0.20833333333333334, 'M': 0.0, 'N': 0.0, 'P': 0.08333333333333333, 'Q': 0.08333333333333333, 'R': 0.0, 'S': 0.08333333333333333, 'T': 0.125, 'V': 0.041666666666666664, 'W': 0.0, 'Y': 0.041666666666666664}","(0.375, 0.16666666666666666, 0.33333333333333337)"
KA...KA,2,-1,1,217.27,-1.05,"{'A': 1, 'C': 0, 'D': 0, 'E': 0, 'F': 0, 'G': 0, 'H': 0, 'I': 0, 'K': 1, 'L': 0, 'M': 0, 'N': 0, 'P': 0, 'Q': 0, 'R': 0, 'S': 0, 'T': 0, 'V': 0, 'W': 0, 'Y': 0}","{'A': 0.5, 'C': 0.0, 'D': 0.0, 'E': 0.0, 'F': 0.0, 'G': 0.0, 'H': 0.0, 'I': 0.0, 'K': 0.5, 'L': 0.0, 'M': 0.0, 'N': 0.0, 'P': 0.0, 'Q': 0.0, 'R': 0.0, 'S': 0.0, 'T': 0.0, 'V': 0.0, 'W': 0.0, 'Y': 0.0}","(0.0, 0.0, 0.5)"
SARKQAASTAAE...AAE,12,-1,2,1190.26,-0.72,"{'A': 5, 'C': 0, 'D': 0, 'E': 1, 'F': 0, 'G': 0, 'H': 0, 'I': 0, 'K': 1, 'L': 0, 'M': 0, 'N': 0, 'P': 0, 'Q': 1, 'R': 1, 'S': 2, 'T': 1, 'V': 0, 'W': 0, 'Y': 0}","{'A': 0.4166666666666667, 'C': 0.0, 'D': 0.0, 'E': 0.08333333333333333, 'F': 0.0, 'G': 0.0, 'H': 0.0, 'I': 0.0, 'K': 0.08333333333333333, 'L': 0.0, 'M': 0.0, 'N': 0.0, 'P': 0.0, 'Q': 0.08333333333333333, 'R': 0.08333333333333333, 'S': 0.16666666666666666, 'T': 0.08333333333333333, 'V': 0.0, 'W': 0.0, 'Y': 0.0}","(0.0, 0.16666666666666666, 0.5)"
SEPLRPSTTSSPFSLPAVKPAISTM...STM,25,-1,2,2601.97,-0.09,"{'A': 2, 'C': 0, 'D': 0, 'E': 1, 'F': 1, 'G': 0, 'H': 0, 'I': 1, 'K': 1, 'L': 2, 'M': 1, 'N': 0, 'P': 5, 'Q': 0, 'R': 1, 'S': 6, 'T': 3, 'V': 1, 'W': 0, 'Y': 0}","{'A': 0.08, 'C': 0.0, 'D': 0.0, 'E': 0.04, 'F': 0.04, 'G': 0.0, 'H': 0.0, 'I': 0.04, 'K': 0.04, 'L': 0.08, 'M': 0.04, 'N': 0.0, 'P': 0.2, 'Q': 0.0, 'R': 0.04, 'S': 0.24, 'T': 0.12, 'V': 0.04, 'W': 0.0, 'Y': 0.0}","(0.2, 0.44, 0.24)"
SAGIRLAAIRRVDSAISTVDSR...DSR,22,-1,2,2314.6,0.16,"{'A': 4, 'C': 0, 'D': 2, 'E': 0, 'F': 0, 'G': 1, 'H': 0, 'I': 3, 'K': 0, 'L': 1, 'M': 0, 'N': 0, 'P': 0, 'Q': 0, 'R': 4, 'S': 4, 'T': 1, 'V': 2, 'W': 0, 'Y': 0}","{'A': 0.18181818181818182, 'C': 0.0, 'D': 0.09090909090909091, 'E': 0.0, 'F': 0.0, 'G': 0.045454545454545456, 'H': 0.0, 'I': 0.13636363636363635, 'K': 0.0, 'L': 0.045454545454545456, 'M': 0.0, 'N': 0.0, 'P': 0.0, 'Q': 0.0, 'R': 0.18181818181818182, 'S': 0.18181818181818182, 'T': 0.045454545454545456, 'V': 0.09090909090909091, 'W': 0.0, 'Y': 0.0}","(0.2727272727272727, 0.2272727272727273, 0.2272727272727273)"
CPTASSFSTGSITVTL...VTL,16,-1,2,1571.75,0.72,"{'A': 1, 'C': 1, 'D': 0, 'E': 0, 'F': 1, 'G': 1, 'H': 0, 'I': 1, 'K': 0, 'L': 1, 'M': 0, 'N': 0, 'P': 1, 'Q': 0, 'R': 0, 'S': 4, 'T': 4, 'V': 1, 'W': 0, 'Y': 0}","{'A': 0.0625, 'C': 0.0625, 'D': 0.0, 'E': 0.0, 'F': 0.0625, 'G': 0.0625, 'H': 0.0, 'I': 0.0625, 'K': 0.0, 'L': 0.0625, 'M': 0.0, 'N': 0.0, 'P': 0.0625, 'Q': 0.0, 'R': 0.0, 'S': 0.25, 'T': 0.25, 'V': 0.0625, 'W': 0.0, 'Y': 0.0}","(0.25, 0.375, 0.125)"
PRASNTPAIMAIDIFSPRQISAALMLSGHC...LSQ,217,-1,2,23710.31,0.6,"{'A': 24, 'C': 11, 'D': 4, 'E': 2, 'F': 11, 'G': 5, 'H': 2, 'I': 14, 'K': 9, 'L': 18, 'M': 11, 'N': 7, 'P': 17, 'Q': 4, 'R': 14, 'S': 23, 'T': 11, 'V': 24, 'W': 5, 'Y': 1}","{'A': 0.11059907834101383, 'C': 0.05069124423963134, 'D': 0.018433179723502304, 'E': 0.009216589861751152, 'F': 0.05069124423963134, 'G': 0.02304147465437788, 'H': 0.009216589861751152, 'I': 0.06451612903225806, 'K': 0.041474654377880185, 'L': 0.08294930875576037, 'M': 0.05069124423963134, 'N': 0.03225806451612903, 'P': 0.07834101382488479, 'Q': 0.018433179723502304, 'R': 0.06451612903225806, 'S': 0.10599078341013825, 'T': 0.05069124423963134, 'V': 0.11059907834101383, 'W': 0.02304147465437788, 'Y': 0.004608294930875576}","(0.33640552995391704, 0.23963133640552997, 0.2534562211981567)"
NFNLLTAGNQFRSCCQRLFF...LFF,20,-1,2,2379.72,0.05,"{'A': 1, 'C': 2, 'D': 0, 'E': 0, 'F': 4, 'G': 1, 'H': 0, 'I': 0, 'K': 0, 'L': 3, 'M': 0, 'N': 3, 'P': 0, 'Q': 2, 'R': 2, 'S': 1, 'T': 1, 'V': 0, 'W': 0, 'Y': 0}","{'A': 0.05, 'C': 0.1, 'D': 0.0, 'E': 0.0, 'F': 0.2, 'G': 0.05, 'H': 0.0, 'I': 0.0, 'K': 0.0, 'L': 0.15, 'M': 0.0, 'N': 0.15, 'P': 0.0, 'Q': 0.1, 'R': 0.1, 'S': 0.05, 'T': 0.05, 'V': 0.0, 'W': 0.0, 'Y': 0.0}","(0.35, 0.25, 0.2)"
STQRHIAHCSQNEK...NEK,14,-1,2,1638.76,-1.59,"{'A': 1, 'C': 1, 'D': 0, 'E': 1, 'F': 0, 'G': 0, 'H': 2, 'I': 1, 'K': 1, 'L': 0, 'M': 0, 'N': 1, 'P': 0, 'Q': 2, 'R': 1, 'S': 2, 'T': 1, 'V': 0, 'W': 0, 'Y': 0}","{'A': 0.07142857142857142, 'C': 0.07142857142857142, 'D': 0.0, 'E': 0.07142857142857142, 'F': 0.0, 'G': 0.0, 'H': 0.14285714285714285, 'I': 0.07142857142857142, 'K': 0.07142857142857142, 'L': 0.0, 'M': 0.0, 'N': 0.07142857142857142, 'P': 0.0, 'Q': 0.14285714285714285, 'R': 0.07142857142857142, 'S': 0.14285714285714285, 'T': 0.07142857142857142, 'V': 0.0, 'W': 0.0, 'Y': 0.0}","(0.07142857142857142, 0.21428571428571427, 0.14285714285714285)"
